cat_id,cat_name,cat_img,IsActive,created_date,modified_time
1,Orange - Tangerine,http://dummyimage.com/193x100.png/ff4444/ffffff,true,4/16/2021,7/8/2021
2,Watercress,http://dummyimage.com/249x100.png/ff4444/ffffff,true,9/4/2021,5/15/2021
3,"Wine - Magnotta, White",http://dummyimage.com/191x100.png/5fa2dd/ffffff,true,10/12/2020,9/23/2020
4,Squash - Pepper,http://dummyimage.com/132x100.png/ff4444/ffffff,false,7/25/2021,8/4/2021
5,Milk - 2% 250 Ml,http://dummyimage.com/226x100.png/5fa2dd/ffffff,false,2/23/2021,6/23/2021
6,"Vinegar - Balsamic, White",http://dummyimage.com/142x100.png/dddddd/000000,true,8/23/2021,8/31/2021
7,Island Oasis - Sweet And Sour Mix,http://dummyimage.com/241x100.png/dddddd/000000,false,4/28/2021,10/26/2020
8,"Vodka - Hot, Lnferno",http://dummyimage.com/118x100.png/dddddd/000000,false,5/30/2021,6/21/2021
9,Shichimi Togarashi Peppeers,http://dummyimage.com/200x100.png/cc0000/ffffff,true,6/3/2021,5/9/2021
10,"Soup - French Onion, Dry",http://dummyimage.com/151x100.png/5fa2dd/ffffff,true,8/8/2021,1/8/2021
11,Quail Eggs - Canned,http://dummyimage.com/168x100.png/cc0000/ffffff,false,2/9/2021,12/4/2020
12,"Red Snapper - Fresh, Whole",http://dummyimage.com/238x100.png/cc0000/ffffff,false,8/25/2021,5/30/2021
13,Wine - Lamancha Do Crianza,http://dummyimage.com/150x100.png/cc0000/ffffff,true,3/25/2021,10/11/2020
14,"Potatoes - Purple, Organic",http://dummyimage.com/163x100.png/cc0000/ffffff,true,5/26/2021,5/31/2021
15,Oyster - In Shell,http://dummyimage.com/181x100.png/cc0000/ffffff,false,6/26/2021,4/11/2021
16,"Rice Pilaf, Dry,package",http://dummyimage.com/250x100.png/5fa2dd/ffffff,true,1/3/2021,10/11/2020
17,"Tarragon - Primerba, Paste",http://dummyimage.com/156x100.png/dddddd/000000,true,11/15/2020,8/29/2021
18,Cup Translucent 9 Oz,http://dummyimage.com/155x100.png/cc0000/ffffff,false,10/8/2020,7/21/2021
19,Sloe Gin - Mcguinness,http://dummyimage.com/192x100.png/cc0000/ffffff,true,7/4/2021,9/20/2020
20,Flour - All Purpose,http://dummyimage.com/228x100.png/cc0000/ffffff,false,8/8/2021,4/22/2021
21,Duck - Legs,http://dummyimage.com/109x100.png/5fa2dd/ffffff,true,9/28/2020,7/1/2021
22,"Oil - Truffle, Black",http://dummyimage.com/147x100.png/dddddd/000000,false,5/1/2021,12/1/2020
23,Pork - Hock And Feet Attached,http://dummyimage.com/169x100.png/cc0000/ffffff,false,3/7/2021,9/23/2020
24,"Juice - Pineapple, 341 Ml",http://dummyimage.com/232x100.png/cc0000/ffffff,false,12/16/2020,6/13/2021
25,Salmon - Canned,http://dummyimage.com/176x100.png/ff4444/ffffff,false,4/24/2021,9/15/2021
26,Onions - Green,http://dummyimage.com/222x100.png/5fa2dd/ffffff,true,4/12/2021,3/21/2021
27,"Nut - Almond, Blanched, Whole",http://dummyimage.com/185x100.png/dddddd/000000,false,2/2/2021,3/31/2021
28,Sugar - Cubes,http://dummyimage.com/151x100.png/dddddd/000000,true,7/25/2021,4/1/2021
29,Longan,http://dummyimage.com/167x100.png/cc0000/ffffff,false,8/6/2021,12/3/2020
30,V8 Pet,http://dummyimage.com/111x100.png/ff4444/ffffff,true,8/24/2021,12/26/2020
31,"Wine - White, Riesling, Semi - Dry",http://dummyimage.com/101x100.png/ff4444/ffffff,true,7/4/2021,8/23/2021
32,Apples - Sliced / Wedge,http://dummyimage.com/242x100.png/ff4444/ffffff,false,5/6/2021,11/28/2020
33,Chef Hat 20cm,http://dummyimage.com/190x100.png/ff4444/ffffff,true,1/7/2021,9/5/2021
34,Flavouring - Rum,http://dummyimage.com/133x100.png/ff4444/ffffff,false,8/5/2021,6/1/2021
35,Jolt Cola,http://dummyimage.com/171x100.png/dddddd/000000,true,1/19/2021,4/20/2021
36,Cookie - Oatmeal,http://dummyimage.com/169x100.png/5fa2dd/ffffff,false,1/11/2021,4/1/2021
37,"Olives - Black, Pitted",http://dummyimage.com/238x100.png/dddddd/000000,true,12/3/2020,2/2/2021
38,Devonshire Cream,http://dummyimage.com/241x100.png/cc0000/ffffff,true,8/30/2021,3/20/2021
39,Pepper - Green,http://dummyimage.com/222x100.png/dddddd/000000,false,3/12/2021,2/21/2021
40,Veal - Eye Of Round,http://dummyimage.com/250x100.png/cc0000/ffffff,false,12/23/2020,6/22/2021
41,Cilantro / Coriander - Fresh,http://dummyimage.com/191x100.png/5fa2dd/ffffff,false,3/16/2021,2/2/2021
42,Currants,http://dummyimage.com/129x100.png/cc0000/ffffff,true,2/19/2021,10/9/2020
43,Pepper - Green Thai,http://dummyimage.com/194x100.png/dddddd/000000,true,11/23/2020,1/19/2021
44,Gatorade - Fruit Punch,http://dummyimage.com/150x100.png/ff4444/ffffff,false,9/2/2021,9/29/2020
45,"Sauce - White, Mix",http://dummyimage.com/159x100.png/dddddd/000000,true,8/17/2021,7/10/2021
46,Wine - Piper Heidsieck Brut,http://dummyimage.com/208x100.png/cc0000/ffffff,true,3/17/2021,12/12/2020
47,Longos - Penne With Pesto,http://dummyimage.com/147x100.png/cc0000/ffffff,true,10/29/2020,7/10/2021
48,Melon - Honey Dew,http://dummyimage.com/149x100.png/cc0000/ffffff,true,1/29/2021,11/4/2020
49,Glass - Juice Clear 5oz 55005,http://dummyimage.com/232x100.png/dddddd/000000,false,4/3/2021,1/9/2021
50,Brandy Apricot,http://dummyimage.com/149x100.png/ff4444/ffffff,false,8/10/2021,10/14/2020
51,Miso - Soy Bean Paste,http://dummyimage.com/136x100.png/cc0000/ffffff,true,8/22/2021,2/17/2021
52,"Sauce - Bernaise, Mix",http://dummyimage.com/115x100.png/cc0000/ffffff,false,3/21/2021,11/7/2020
53,"Doilies - 10, Paper",http://dummyimage.com/163x100.png/ff4444/ffffff,false,2/12/2021,4/24/2021
54,Wine - Prem Select Charddonany,http://dummyimage.com/246x100.png/dddddd/000000,true,7/5/2021,11/8/2020
55,Food Colouring - Red,http://dummyimage.com/127x100.png/5fa2dd/ffffff,true,7/17/2021,3/8/2021
56,Wasabi Powder,http://dummyimage.com/133x100.png/dddddd/000000,false,11/23/2020,4/9/2021
57,Ecolab - Lime - A - Way 4/4 L,http://dummyimage.com/177x100.png/ff4444/ffffff,false,4/17/2021,7/4/2021
58,Cloves - Whole,http://dummyimage.com/213x100.png/ff4444/ffffff,true,1/20/2021,3/23/2021
59,Mushroom - Crimini,http://dummyimage.com/180x100.png/ff4444/ffffff,false,8/16/2021,5/10/2021
60,V8 - Tropical Blend,http://dummyimage.com/176x100.png/5fa2dd/ffffff,false,8/5/2021,11/9/2020
61,Sea Bass - Fillets,http://dummyimage.com/100x100.png/dddddd/000000,false,2/25/2021,11/29/2020
62,Lettuce - Baby Salad Greens,http://dummyimage.com/165x100.png/dddddd/000000,true,7/29/2021,5/21/2021
63,Aspic - Amber,http://dummyimage.com/136x100.png/ff4444/ffffff,false,8/9/2021,2/27/2021
64,Pork - Sausage Casing,http://dummyimage.com/140x100.png/cc0000/ffffff,false,4/4/2021,2/12/2021
65,Cheese - Grie Des Champ,http://dummyimage.com/113x100.png/ff4444/ffffff,true,4/26/2021,2/3/2021
66,Pasta - Cheese / Spinach Bauletti,http://dummyimage.com/196x100.png/cc0000/ffffff,false,10/17/2020,10/20/2020
67,Veal - Bones,http://dummyimage.com/155x100.png/ff4444/ffffff,true,12/21/2020,12/1/2020
68,Veal - Liver,http://dummyimage.com/174x100.png/dddddd/000000,true,8/20/2021,7/21/2021
69,Carbonated Water - Lemon Lime,http://dummyimage.com/112x100.png/cc0000/ffffff,true,5/23/2021,3/4/2021
70,"Soda Water - Club Soda, 355 Ml",http://dummyimage.com/230x100.png/5fa2dd/ffffff,false,4/21/2021,9/23/2020
71,Appetizer - Seafood Assortment,http://dummyimage.com/100x100.png/dddddd/000000,true,8/9/2021,4/27/2021
72,Bread - Sour Sticks With Onion,http://dummyimage.com/131x100.png/cc0000/ffffff,true,9/20/2020,2/8/2021
73,Sauce - Hollandaise,http://dummyimage.com/233x100.png/5fa2dd/ffffff,true,11/23/2020,7/28/2021
74,Lobster - Live,http://dummyimage.com/108x100.png/cc0000/ffffff,true,1/22/2021,3/2/2021
75,Teriyaki Sauce,http://dummyimage.com/108x100.png/ff4444/ffffff,true,8/28/2021,5/11/2021
76,Chicken - Livers,http://dummyimage.com/195x100.png/5fa2dd/ffffff,false,8/14/2021,1/16/2021
77,Food Colouring - Orange,http://dummyimage.com/113x100.png/dddddd/000000,true,3/29/2021,9/25/2020
78,"Roe - Lump Fish, Black",http://dummyimage.com/198x100.png/dddddd/000000,true,2/8/2021,10/14/2020
79,Tomatoes - Yellow Hot House,http://dummyimage.com/241x100.png/ff4444/ffffff,true,11/29/2020,4/13/2021
80,Pasta - Angel Hair,http://dummyimage.com/165x100.png/5fa2dd/ffffff,true,1/2/2021,5/3/2021
81,"Stock - Veal, White",http://dummyimage.com/174x100.png/5fa2dd/ffffff,true,12/11/2020,7/15/2021
82,"Coconut - Creamed, Pure",http://dummyimage.com/164x100.png/cc0000/ffffff,false,2/25/2021,5/25/2021
83,Paste - Black Olive,http://dummyimage.com/136x100.png/cc0000/ffffff,false,2/1/2021,1/4/2021
84,Cheese - Wine,http://dummyimage.com/183x100.png/5fa2dd/ffffff,true,4/7/2021,5/15/2021
85,Cauliflower,http://dummyimage.com/184x100.png/cc0000/ffffff,true,12/29/2020,6/29/2021
86,Bread Ww Cluster,http://dummyimage.com/207x100.png/cc0000/ffffff,false,7/12/2021,3/21/2021
87,Mustard - Pommery,http://dummyimage.com/195x100.png/5fa2dd/ffffff,false,5/6/2021,3/20/2021
88,Table Cloth 90x90 Colour,http://dummyimage.com/178x100.png/cc0000/ffffff,true,8/13/2021,9/24/2020
89,Wine - Maipo Valle Cabernet,http://dummyimage.com/198x100.png/5fa2dd/ffffff,false,4/25/2021,3/13/2021
90,"Mushroom - Enoki, Fresh",http://dummyimage.com/228x100.png/ff4444/ffffff,true,10/13/2020,3/24/2021
91,Wine - Pinot Noir Mondavi Coastal,http://dummyimage.com/162x100.png/cc0000/ffffff,true,7/11/2021,3/16/2021
92,Couscous,http://dummyimage.com/231x100.png/5fa2dd/ffffff,false,8/11/2021,5/8/2021
93,Tea Leaves - Oolong,http://dummyimage.com/234x100.png/5fa2dd/ffffff,true,3/27/2021,5/23/2021
94,"Peas - Pigeon, Dry",http://dummyimage.com/168x100.png/cc0000/ffffff,false,12/14/2020,7/2/2021
95,Appetizer - Chicken Satay,http://dummyimage.com/134x100.png/dddddd/000000,true,8/11/2021,7/17/2021
96,Transfer Sheets,http://dummyimage.com/204x100.png/5fa2dd/ffffff,false,12/31/2020,1/9/2021
97,Kiwano,http://dummyimage.com/137x100.png/5fa2dd/ffffff,true,10/18/2020,2/2/2021
98,Garlic - Elephant,http://dummyimage.com/199x100.png/cc0000/ffffff,false,6/15/2021,12/28/2020
99,Wine - Rioja Campo Viejo,http://dummyimage.com/147x100.png/dddddd/000000,false,10/15/2020,2/7/2021
100,Nori Sea Weed - Gold Label,http://dummyimage.com/194x100.png/dddddd/000000,true,2/22/2021,11/19/2020
