id,o_name,img,IsActive,created_date,modified_time
1,West Virginia,http://dummyimage.com/187x100.png/cc0000/ffffff,true,11/30/2020,11/9/2020
2,Minnesota,http://dummyimage.com/143x100.png/dddddd/000000,true,1/29/2021,5/30/2021
3,Pennsylvania,http://dummyimage.com/237x100.png/dddddd/000000,false,2/23/2021,11/16/2020
4,Massachusetts,http://dummyimage.com/103x100.png/5fa2dd/ffffff,true,8/23/2021,6/28/2021
5,New York,http://dummyimage.com/192x100.png/cc0000/ffffff,true,11/21/2020,8/5/2021
6,Indiana,http://dummyimage.com/208x100.png/5fa2dd/ffffff,false,9/18/2020,2/18/2021
7,Texas,http://dummyimage.com/227x100.png/ff4444/ffffff,true,4/6/2021,1/5/2021
8,Missouri,http://dummyimage.com/161x100.png/ff4444/ffffff,true,5/28/2021,6/26/2021
9,Florida,http://dummyimage.com/243x100.png/cc0000/ffffff,false,5/14/2021,6/24/2021
10,North Carolina,http://dummyimage.com/236x100.png/5fa2dd/ffffff,true,1/10/2021,2/2/2021
11,Kansas,http://dummyimage.com/173x100.png/cc0000/ffffff,true,11/29/2020,3/1/2021
12,Ohio,http://dummyimage.com/105x100.png/cc0000/ffffff,true,5/30/2021,3/12/2021
13,New York,http://dummyimage.com/185x100.png/cc0000/ffffff,true,3/12/2021,1/3/2021
14,Washington,http://dummyimage.com/185x100.png/dddddd/000000,false,10/26/2020,1/3/2021
15,Texas,http://dummyimage.com/219x100.png/ff4444/ffffff,true,11/5/2020,7/10/2021
16,Kansas,http://dummyimage.com/112x100.png/cc0000/ffffff,true,12/26/2020,10/14/2020
17,District of Columbia,http://dummyimage.com/188x100.png/cc0000/ffffff,false,2/7/2021,9/14/2021
18,South Dakota,http://dummyimage.com/243x100.png/5fa2dd/ffffff,true,11/20/2020,4/17/2021
19,Alabama,http://dummyimage.com/169x100.png/dddddd/000000,false,11/5/2020,11/14/2020
20,North Carolina,http://dummyimage.com/110x100.png/ff4444/ffffff,true,4/10/2021,10/21/2020
21,Connecticut,http://dummyimage.com/152x100.png/5fa2dd/ffffff,false,5/18/2021,8/13/2021
22,Louisiana,http://dummyimage.com/120x100.png/ff4444/ffffff,true,7/19/2021,11/24/2020
23,Virginia,http://dummyimage.com/107x100.png/5fa2dd/ffffff,false,2/1/2021,1/11/2021
24,District of Columbia,http://dummyimage.com/183x100.png/dddddd/000000,false,10/25/2020,7/14/2021
25,Louisiana,http://dummyimage.com/195x100.png/dddddd/000000,true,10/25/2020,5/12/2021
26,New Hampshire,http://dummyimage.com/246x100.png/ff4444/ffffff,true,7/1/2021,5/23/2021
27,Texas,http://dummyimage.com/225x100.png/ff4444/ffffff,true,7/4/2021,9/8/2021
28,Pennsylvania,http://dummyimage.com/243x100.png/5fa2dd/ffffff,true,8/1/2021,8/11/2021
29,South Carolina,http://dummyimage.com/145x100.png/5fa2dd/ffffff,false,8/23/2021,1/21/2021
30,Tennessee,http://dummyimage.com/179x100.png/ff4444/ffffff,false,6/12/2021,6/30/2021
31,Arizona,http://dummyimage.com/247x100.png/dddddd/000000,true,10/6/2020,10/4/2020
32,Ohio,http://dummyimage.com/197x100.png/cc0000/ffffff,true,12/24/2020,3/30/2021
33,Idaho,http://dummyimage.com/175x100.png/5fa2dd/ffffff,true,4/21/2021,2/28/2021
34,Pennsylvania,http://dummyimage.com/120x100.png/ff4444/ffffff,true,12/28/2020,6/12/2021
35,Texas,http://dummyimage.com/233x100.png/5fa2dd/ffffff,true,1/24/2021,12/17/2020
36,Utah,http://dummyimage.com/131x100.png/5fa2dd/ffffff,false,7/8/2021,2/26/2021
37,California,http://dummyimage.com/190x100.png/5fa2dd/ffffff,true,4/2/2021,9/4/2021
38,California,http://dummyimage.com/137x100.png/cc0000/ffffff,true,11/21/2020,2/18/2021
39,Florida,http://dummyimage.com/157x100.png/5fa2dd/ffffff,false,8/26/2021,3/22/2021
40,Florida,http://dummyimage.com/196x100.png/5fa2dd/ffffff,true,9/27/2020,8/11/2021
41,Nevada,http://dummyimage.com/228x100.png/5fa2dd/ffffff,true,7/5/2021,7/19/2021
42,Virginia,http://dummyimage.com/172x100.png/cc0000/ffffff,false,2/6/2021,7/27/2021
43,Arkansas,http://dummyimage.com/244x100.png/dddddd/000000,true,2/17/2021,4/29/2021
44,Texas,http://dummyimage.com/101x100.png/5fa2dd/ffffff,true,9/8/2021,9/3/2021
45,Nebraska,http://dummyimage.com/108x100.png/ff4444/ffffff,false,9/26/2020,8/15/2021
46,California,http://dummyimage.com/146x100.png/dddddd/000000,true,12/12/2020,5/12/2021
47,Washington,http://dummyimage.com/104x100.png/ff4444/ffffff,false,12/28/2020,12/2/2020
48,Florida,http://dummyimage.com/111x100.png/cc0000/ffffff,false,5/29/2021,5/26/2021
49,Colorado,http://dummyimage.com/222x100.png/cc0000/ffffff,true,7/25/2021,4/7/2021
50,Iowa,http://dummyimage.com/174x100.png/ff4444/ffffff,false,8/8/2021,3/1/2021
51,Florida,http://dummyimage.com/208x100.png/ff4444/ffffff,true,11/1/2020,4/7/2021
52,California,http://dummyimage.com/180x100.png/cc0000/ffffff,false,7/18/2021,2/24/2021
53,California,http://dummyimage.com/244x100.png/5fa2dd/ffffff,false,2/9/2021,3/27/2021
54,Texas,http://dummyimage.com/211x100.png/dddddd/000000,true,5/20/2021,6/13/2021
55,Texas,http://dummyimage.com/170x100.png/5fa2dd/ffffff,true,4/18/2021,9/16/2021
56,Iowa,http://dummyimage.com/237x100.png/5fa2dd/ffffff,true,6/24/2021,5/21/2021
57,Washington,http://dummyimage.com/171x100.png/5fa2dd/ffffff,false,12/5/2020,11/20/2020
58,Colorado,http://dummyimage.com/231x100.png/cc0000/ffffff,false,7/22/2021,9/14/2021
59,Florida,http://dummyimage.com/223x100.png/dddddd/000000,false,4/27/2021,10/28/2020
60,Florida,http://dummyimage.com/240x100.png/cc0000/ffffff,false,1/25/2021,1/16/2021
61,Kentucky,http://dummyimage.com/236x100.png/5fa2dd/ffffff,true,10/6/2020,11/1/2020
62,New York,http://dummyimage.com/139x100.png/dddddd/000000,false,1/3/2021,10/14/2020
63,Pennsylvania,http://dummyimage.com/116x100.png/5fa2dd/ffffff,false,11/10/2020,5/27/2021
64,West Virginia,http://dummyimage.com/192x100.png/5fa2dd/ffffff,true,12/27/2020,7/9/2021
65,Texas,http://dummyimage.com/192x100.png/ff4444/ffffff,false,12/31/2020,3/25/2021
66,West Virginia,http://dummyimage.com/181x100.png/dddddd/000000,true,5/1/2021,7/3/2021
67,Illinois,http://dummyimage.com/124x100.png/cc0000/ffffff,true,3/26/2021,3/24/2021
68,Indiana,http://dummyimage.com/199x100.png/ff4444/ffffff,false,4/12/2021,11/25/2020
69,California,http://dummyimage.com/124x100.png/ff4444/ffffff,false,11/13/2020,3/29/2021
70,Minnesota,http://dummyimage.com/236x100.png/dddddd/000000,false,3/7/2021,9/7/2021
71,Texas,http://dummyimage.com/107x100.png/cc0000/ffffff,false,5/17/2021,10/21/2020
72,Virginia,http://dummyimage.com/237x100.png/dddddd/000000,false,12/10/2020,10/27/2020
73,Alabama,http://dummyimage.com/166x100.png/ff4444/ffffff,true,5/22/2021,10/19/2020
74,Kentucky,http://dummyimage.com/137x100.png/dddddd/000000,true,5/18/2021,7/26/2021
75,Colorado,http://dummyimage.com/163x100.png/ff4444/ffffff,false,12/7/2020,4/15/2021
76,Texas,http://dummyimage.com/214x100.png/dddddd/000000,false,2/16/2021,3/19/2021
77,Illinois,http://dummyimage.com/204x100.png/dddddd/000000,true,9/22/2020,9/23/2020
78,New Jersey,http://dummyimage.com/175x100.png/5fa2dd/ffffff,false,5/31/2021,7/5/2021
79,Oklahoma,http://dummyimage.com/113x100.png/cc0000/ffffff,false,3/16/2021,12/11/2020
80,Indiana,http://dummyimage.com/214x100.png/cc0000/ffffff,false,3/23/2021,7/28/2021
81,District of Columbia,http://dummyimage.com/166x100.png/dddddd/000000,false,12/7/2020,4/29/2021
82,California,http://dummyimage.com/211x100.png/dddddd/000000,true,10/17/2020,5/16/2021
83,Texas,http://dummyimage.com/219x100.png/cc0000/ffffff,false,8/24/2021,2/3/2021
84,Florida,http://dummyimage.com/165x100.png/cc0000/ffffff,true,6/18/2021,5/14/2021
85,Michigan,http://dummyimage.com/248x100.png/dddddd/000000,false,3/15/2021,2/27/2021
86,New Jersey,http://dummyimage.com/176x100.png/5fa2dd/ffffff,true,8/22/2021,6/29/2021
87,Nevada,http://dummyimage.com/174x100.png/5fa2dd/ffffff,false,2/6/2021,11/8/2020
88,Florida,http://dummyimage.com/150x100.png/cc0000/ffffff,true,4/10/2021,8/23/2021
89,California,http://dummyimage.com/177x100.png/dddddd/000000,false,11/24/2020,4/25/2021
90,Michigan,http://dummyimage.com/248x100.png/5fa2dd/ffffff,false,12/6/2020,9/11/2021
91,Indiana,http://dummyimage.com/220x100.png/ff4444/ffffff,false,1/4/2021,12/19/2020
92,New York,http://dummyimage.com/199x100.png/ff4444/ffffff,true,6/26/2021,3/20/2021
93,New Mexico,http://dummyimage.com/229x100.png/5fa2dd/ffffff,true,9/4/2021,7/1/2021
94,Kentucky,http://dummyimage.com/205x100.png/ff4444/ffffff,false,12/22/2020,8/14/2021
95,Montana,http://dummyimage.com/206x100.png/ff4444/ffffff,true,7/10/2021,2/7/2021
96,Michigan,http://dummyimage.com/237x100.png/5fa2dd/ffffff,true,2/1/2021,4/16/2021
97,Ohio,http://dummyimage.com/164x100.png/ff4444/ffffff,true,6/20/2021,5/28/2021
98,Pennsylvania,http://dummyimage.com/170x100.png/dddddd/000000,false,9/21/2020,3/8/2021
99,California,http://dummyimage.com/110x100.png/cc0000/ffffff,false,10/30/2020,9/6/2021
100,Nevada,http://dummyimage.com/163x100.png/dddddd/000000,true,12/6/2020,9/19/2020
